{
	"class_name" : "PinholeCameraParameters",
	"extrinsic" : 
	[
		-0.933243090335652,
		0.24688801495185178,
		-0.26096674580087081,
		0.0,
		-0.17605884838376981,
		-0.94753146064801008,
		-0.26680969432917767,
		0.0,
		-0.3131463176320981,
		-0.20305279893511113,
		0.92774400811758118,
		0.0,
		0.75582971894645112,
		0.097533955207625311,
		2.8126474549012306,
		1.0
	],
	"intrinsic" : 
	{
		"height" : 600,
		"intrinsic_matrix" : 
		[
			519.6152422706632,
			0.0,
			0.0,
			0.0,
			519.6152422706632,
			0.0,
			399.5,
			299.5,
			1.0
		],
		"width" : 800
	},
	"version_major" : 1,
	"version_minor" : 0
}